{
	"pools": [
		{
			"rolls": 2,
			"entries": [
				{
					"type": "item",
					"name": "cobblemon:sitrus_berry",
					"functions": [
						{
							"function": "set_count",
							"count": 3
						}
					]
				},
				{
					"type": "item",
					"name": "minecraft:cookie",
					"functions": [
						{
							"function": "set_count",
							"count": 5
						}
					]
				},
				{
					"type": "item",
					"name": "minecraft:music_disc_11",
					"functions": [
						{
							"function": "set_count",
							"count": 1
						}
					]
				}
			]
		}
	]
}