{
	"pools": [
		{
			"rolls": 2,
			"entries": [
				{
					"type": "item",
					"name": "cobblemon:lucky_egg",
					"functions": [
						{
							"function": "set_count",
							"count": 1
						}
					]
				},
				{
					"type": "item",
					"name": "cobblemon:rare_candy",
					"functions": [
						{
							"function": "set_count",
							"count": 1
						}
					]
				},
				{
					"type": "item",
					"name": "minecraft:music_disc_13",
					"functions": [
						{
							"function": "set_count",
							"count": 1
						}
					]
				}
			]
		}
	]
}