{
	"pools": [
		{
			"rolls": 2,
			"entries": [
				{
					"type": "item",
					"name": "cobblemon:tumblestone",
					"functions": [
						{
							"function": "set_count",
							"count": 5
						}
					]
				},
				{
					"type": "item",
					"name": "cobblemon:ultra_ball",
					"functions": [
						{
							"function": "set_count",
							"count": 5
						}
					]
				},
				{
					"type": "item",
					"name": "minecraft:iron_ingot",
					"functions": [
						{
							"function": "set_count",
							"count": 5
						}
					]
				},
				{
					"type": "item",
					"name": "minecraft:music_disc_5",
					"functions": [
						{
							"function": "set_count",
							"count": 1
						}
					]
				}
			]
		}
	]
}