{
	"pools": [
		{
			"rolls": 2,
			"entries": [
				{
					"type": "item",
					"name": "cobblemon:muscle_band",
					"functions": [
						{
							"function": "set_count",
							"count": 1
						}
					]
				},
				{
					"type": "item",
					"name": "cobblemon:wise_glasses",
					"functions": [
						{
							"function": "set_count",
							"count": 1
						}
					]
				},
				{
					"type": "item",
					"name": "cobblemon:power_weight",
					"functions": [
						{
							"function": "set_count",
							"count": 1
						}
					]
				},
				{
					"type": "tag",
					"name": "minecraft:creeper_drop_music_discs",
					"expand": true,
					"functions": [
						{
							"function": "set_count",
							"count": 1
						}
					]
				}
			]
		}
	]
}