{
	"pools": [
		{
			"rolls": 2,
			"entries": [
				{
					"type": "item",
					"name": "cobblemon:power_bracer",
					"functions": [
						{
							"function": "set_count",
							"count": 1
						}
					]
				},
				{
					"type": "item",
					"name": "cobblemon:power_lens",
					"functions": [
						{
							"function": "set_count",
							"count": 1
						}
					]
				},
				{
					"type": "item",
					"name": "minecraft:music_disc_pigstep",
					"functions": [
						{
							"function": "set_count",
							"count": 1
						}
					]
				},
				{
					"type": "item",
					"name": "cobblemon:exp_candy_m",
					"functions": [
						{
							"function": "set_count",
							"count": 10
						}
					]
				},
				{
					"type": "item",
					"name": "minecraft:diamond",
					"functions": [
						{
							"function": "set_count",
							"count": 5
						}
					]
				}
			]
		}
	]
}