{
	"presets": [
		"cobblebuilds:generic.trainer",
		"cobblebuilds:gym_trainer.camper",
		"cobblebuilds:ai.looks_around",
		"cobblebuilds:ai.wanders",
		"cobblebuilds:ai.fights_back"
	],
	"hitbox": "player",
	"names": [
		"Camper Brook",
		"Camper Marina",
		"Camper Wade",
		"Camper Splash",
		"Camper Currento",
		"Camper Surf"
	],
	"randomizePartyOrder": true,
	"party": {
		"type": "script",
		"isStatic": false,
		"script": "cobblebuilds:party.gym_trainer.water_gym.camper"
	},
	"interaction": {
		"type": "dialogue",
		"dialogue": "cobblebuilds:gym_trainer"
	}
}