{
	"presets": [
		"cobblebuilds:generic.trainer",
		"cobblebuilds:gym_trainer.camper",
		"cobblebuilds:ai.looks_around",
		"cobblebuilds:ai.wanders",
		"cobblebuilds:ai.fights_back"
	],
	"hitbox": "player",
	"names": [
		"Camper Ash",
		"Camper Fiery",
		"Camper John",
		"Camper Scorch",
		"Camper Ember"
	],
	"randomizePartyOrder": true,
	"party": {
		"type": "script",
		"isStatic": false,
		"script": "cobblebuilds:party.gym_trainer.fire_gym.camper"
	},
	"interaction": {
		"type": "dialogue",
		"dialogue": "cobblebuilds:gym_trainer"
	}
}