{
	"presets": [
		"cobblebuilds:generic.trainer",
		"cobblebuilds:gym_trainer.veteran",
		"cobblebuilds:ai.looks_around",
		"cobblebuilds:ai.wanders",
		"cobblebuilds:ai.fights_back"
	],
	"hitbox": "player",
	"names": [
		"Veteran Sage",
		"Veteran Willow",
		"Veteran Cedar",
		"Veteran Pine"
	],
	"randomizePartyOrder": true,
	"party": {
		"type": "script",
		"isStatic": false,
		"script": "cobblebuilds:party.gym_trainer.grass_gym.veteran"
	},
	"interaction": {
		"type": "dialogue",
		"dialogue": "cobblebuilds:gym_trainer"
	}
}