{
	"presets": [
		"cobblebuilds:generic.trainer",
		"cobblebuilds:gym_trainer.youngster",
		"cobblebuilds:ai.looks_around",
		"cobblebuilds:ai.wanders",
		"cobblebuilds:ai.fights_back"
	],
	"hitbox": "player",
	"names": [
		"Youngster Spark",
		"Youngster Volt",
		"Youngster Zappy"
	],
	"randomizePartyOrder": true,
	"party": {
		"type": "script",
		"isStatic": false,
		"script": "cobblebuilds:party.gym_trainer.electric_gym.youngster"
	},
	"interaction": {
		"type": "dialogue",
		"dialogue": "cobblebuilds:gym_trainer"
	}
}