{
	"presets": [
		"cobblebuilds:generic.trainer",
		"cobblebuilds:gym_trainer.youngster",
		"cobblebuilds:ai.looks_around",
		"cobblebuilds:ai.wanders",
		"cobblebuilds:ai.fights_back"
	],
	"hitbox": "player",
	"names":  [
		"Youngster Splash",
		"Youngster Bubbles",
		"Youngster Ripple",
		"Youngster Sploosh",
		"Youngster Burble",
		"Youngster Gurgle",
		"Youngster Drench",
		"Youngster Soaky"
	],
	"randomizePartyOrder": true,
	"party": {
		"type": "script",
		"isStatic": false,
		"script": "cobblebuilds:party.gym_trainer.water_gym.youngster"
	},
	"interaction": {
		"type": "dialogue",
		"dialogue": "cobblebuilds:gym_trainer"
	}
}