{
	"presets": [
		"cobblebuilds:generic.trainer",
		"cobblebuilds:gym_trainer.youngster",
		"cobblebuilds:ai.looks_around",
		"cobblebuilds:ai.wanders",
		"cobblebuilds:ai.fights_back"
	],
	"hitbox": "player",
	"names": [
		"Youngster Pebble",
		"Youngster Chip",
		"Youngster Rock",
		"Youngster Gravel",
		"Youngster Shale",
		"Youngster Cobble",
		"Youngster Gem",
		"Youngster Topaz",
		"Youngster Soldado"
	],
	"randomizePartyOrder": true,
	"party": {
		"type": "script",
		"isStatic": false,
		"script": "cobblebuilds:party.gym_trainer.rock_gym.youngster"
	},
	"interaction": {
		"type": "dialogue",
		"dialogue": "cobblebuilds:gym_trainer"
	}
}