{
  "fallback": "minecraft:village/plains/town_centers",
  "elements": [
    {
      "element": {
        "element_type": "minecraft:single_pool_element",
        "location": "bca:centers/center_battlepad",
        "processors": "minecraft:empty",
        "projection": "rigid"
      },
      "weight": 4
    },
    {
      "element": {
        "element_type": "minecraft:single_pool_element",
        "location": "bca:centers/center_the_lodge",
        "processors": "minecraft:empty",
        "projection": "rigid"
      },
      "weight": 2
    }
  ]
}
