{
	"initializationAction": "q.run_command('gamerule sendCommandFeedback false'); q.run_command('scoreboard players set command_feedback.reset cobblebuilds 1'); q.run_command('execute as ' + q.player.uuid + ' run function cobblebuilds:player/gym_badge/check_state'); (q.npc.is_in_battle_with(q.player) || !q.npc.is_doing_activity('minecraft:idle', 'cobblemon:battling')) ? q.dialogue.close()",
	"speakers": {
		"npc": {
			"name": {
				"type": "expression",
				"expression": "q.npc.name"
			},
			"face": "q.npc.face(false);"
		},
		"player": {
			"face": "q.player.face();",
			"name": {
				"type": "expression",
				"expression": "q.player.username"
			}
		}
	},
	"pages": [
		{
			"id": "player-chat",
			"speaker": "player",
			"lines": [
				{
					"type": "expression",
					"expression": "'Hello, I\\'m ' + q.player.username + '!'"
				}
			],
			"input": "q.dialogue.set_page(q.npc.was_hurt_by(q.player) ? 'hurt-1' : 'npc-chat');"
		},
		{
			"id": "hurt-1",
			"speaker": "npc",
			"lines": ["Do you think I'd talk to you after you attacked me!? Get out of here!"],
			"input": "q.dialogue.close();"
		},
		{
			"id": "npc-chat",
			"speaker": "npc",
			"lines": [
				{
					"type": "expression",
					"expression": "'Hello, ' + q.player.username + '! I\\'m ' + q.npc.name + '!'"
				}
			],
			"input": {
				"type": "option",
				"vertical": false,
				"options": [
					{
						"isSelectable": "!q.player.data.has_this_gym_badge && !q.run_script('cobblemon:npc_battle_cooling_down') && c.npc.can_battle;",
						"text": {
							"type": "expression",
							"expression": "q.run_script('cobblemon:npc_battle_cooling_down') ? 'Challenge (cooldown)' : q.player.data.has_this_gym_badge ? 'Badge Acquired' : 'Challenge';"
						},
						"value": "battle",
						"action": [
							"q.dialogue.close();",
							"q.npc.start_battle(q.player);"
						]
					},
					{
						"text": "Cancel",
						"value": "cancel",
						"action": [
							"q.dialogue.close()"
						]
					}
				]
			}
		}
	]
}