{
    "variants": {
        "facing=north,half=lower": {
            "model": "gachamachine:block/gacha_machine_lower_3"
        },
        "facing=east,half=lower": {
            "model": "gachamachine:block/gacha_machine_lower_3",
            "y": 90
        },
        "facing=south,half=lower": {
            "model": "gachamachine:block/gacha_machine_lower_3",
            "y": 180
        },
        "facing=west,half=lower": {
            "model": "gachamachine:block/gacha_machine_lower_3",
            "y": 270
        },
        "facing=north,half=upper": {
            "model": "gachamachine:block/gacha_machine_upper_3"
        },
        "facing=east,half=upper": {
            "model": "gachamachine:block/gacha_machine_upper_3",
            "y": 90
        },
        "facing=south,half=upper": {
            "model": "gachamachine:block/gacha_machine_upper_3",
            "y": 180
        },
        "facing=west,half=upper": {
            "model": "gachamachine:block/gacha_machine_upper_3",
            "y": 270
        }
    }
}
