{
  "type": "farmersdelight:cooking",
  "recipe_book_tab": "meals",
  "ingredients": [
    { "item": "farmersdelight:cooked_rice" },
    { "item": "cobblecuisine:orange_bean" },
    { "item": "cobblecuisine:red_bean" },
    { "item": "cobblecuisine:yellow_bean" },
    { "item": "cobblecuisine:blue_bean" },
    { "item": "cobblecuisine:green_bean" }
  ],
  "result": {
    "id": "cobblecuisine:bean_medley_curry",
    "count": 1
  },
  "container": {
    "id": "minecraft:bowl"
  },
  "cookingtime": 200
}