{
  "type": "farmersdelight:cooking",
  "recipe_book_tab": "meals",
  "ingredients": [
    { "item": "minecraft:red_mushroom" },
    { "tag": "cobblemon:sour_40" },
    { "item": "farmersdelight:tomato" },
    { "item": "cobblecuisine:salad_mix" },
    { "item": "cobblecuisine:green_bean" },
    { "item": "farmersdelight:cabbage" }
  ],
  "result": {
    "id": "cobblecuisine:pickled_toedscool_and_cucumber",
    "count": 1
  },
  "container": {
    "id": "minecraft:bowl"
  },
  "cookingtime": 250
}