{
	"canDespawn": false,
	"autoHealParty": true,
	"config": [
		{
			"variableName": "on_player_wins",
			"displayName": "npc.variable.on_player_wins.name",
			"description": "npc.variable.on_player_wins.desc",
			"type": "TEXT",
			"defaultValue": "q.run_command('gamerule sendCommandFeedback false'); q.run_command('scoreboard players set command_feedback.reset cobblebuilds 1'); q.run_command('execute as ' + q.player.uuid + ' run function cobblebuilds:player/on_win/gym_trainer/veteran');"
		}
	],
	"battleTheme": "minecraft:entity.zombie.attack_iron_door"
}