{
	"condition": "any_of",
	"terms": [
		{
			"condition": "value_check",
			"value": {
				"type": "score",
				"score": "cobblebuilds-rank",
				"target": "this"
			},
			"range": {
				"min": 30,
				"max": 39
			}
		},
		{
			"condition": "value_check",
			"value": {
				"type": "score",
				"score": "cobblebuilds-rank",
				"target": "this"
			},
			"range": {
				"min": 60,
				"max": 69
			}
		},
		{
			"condition": "value_check",
			"value": {
				"type": "score",
				"score": "cobblebuilds-rank",
				"target": "this"
			},
			"range": {
				"min": 80,
				"max": 89
			}
		}
	]
}