{
	"condition": "any_of",
	"terms": [
		{
			"condition": "value_check",
			"value": {
				"type": "score",
				"score": "cobblebuilds-rank",
				"target": "this"
			},
			"range": {
				"min": 20,
				"max": 29
			}
		},
		{
			"condition": "value_check",
			"value": {
				"type": "score",
				"score": "cobblebuilds-rank",
				"target": "this"
			},
			"range": {
				"min": 50,
				"max": 59
			}
		},
		{
			"condition": "value_check",
			"value": {
				"type": "score",
				"score": "cobblebuilds-rank",
				"target": "this"
			},
			"range": {
				"min": 70,
				"max": 79
			}
		}
	]
}