{
	"credit": "Made with Blockbench",
	"texture_size": [128, 128],
	"textures": {
		"0": "gachamachine:block/item_printer",
		"particle": "gachamachine:block/item_printer"
	},
	"elements": [
		{
			"name": "pokeball dome red",
			"from": [0.5, 9, 0.5],
			"to": [15.5, 16, 15.5],
			"rotation": {"angle": 0, "axis": "y", "origin": [14.5, 2, 0.5]},
			"faces": {
				"north": {"uv": [1.875, 1.875, 3.75, 2.75], "texture": "#0"},
				"east": {"uv": [0, 1.875, 1.875, 2.75], "texture": "#0"},
				"south": {"uv": [5.625, 1.875, 7.5, 2.75], "texture": "#0"},
				"west": {"uv": [3.75, 1.875, 5.625, 2.75], "texture": "#0"},
				"up": {"uv": [3.75, 1.875, 1.875, 0], "texture": "#0"},
				"down": {"uv": [5.625, 0, 3.75, 1.875], "texture": "#0"}
			}
		},
		{
			"name": "pokeball dome white",
			"from": [0.5, 2, 0.5],
			"to": [15.5, 9, 15.5],
			"rotation": {"angle": 0, "axis": "y", "origin": [14.5, -6, 0.5]},
			"faces": {
				"north": {"uv": [1.875, 4.625, 3.75, 5.5], "texture": "#0"},
				"east": {"uv": [0, 4.625, 1.875, 5.5], "texture": "#0"},
				"south": {"uv": [5.625, 4.625, 7.5, 5.5], "texture": "#0"},
				"west": {"uv": [3.75, 4.625, 5.625, 5.5], "texture": "#0"},
				"up": {"uv": [3.75, 4.625, 1.875, 2.75], "texture": "#0"},
				"down": {"uv": [5.625, 2.75, 3.75, 4.625], "texture": "#0"}
			}
		},
		{
			"name": "pokeball center",
			"from": [6, 7, 0],
			"to": [10, 11, 1],
			"rotation": {"angle": 0, "axis": "y", "origin": [6, 7, 0]},
			"faces": {
				"north": {"uv": [0.125, 8.5, 0.625, 9], "texture": "#0"},
				"east": {"uv": [0, 8.5, 0.125, 9], "texture": "#0"},
				"south": {"uv": [0.75, 8.5, 1.25, 9], "texture": "#0"},
				"west": {"uv": [0.625, 8.5, 0.75, 9], "texture": "#0"},
				"up": {"uv": [0.625, 8.5, 0.125, 8.375], "texture": "#0"},
				"down": {"uv": [1.125, 8.375, 0.625, 8.5], "texture": "#0"}
			}
		},
		{
			"name": "pokeball dome red",
			"from": [0.5, 0, 0.5],
			"to": [15.5, 1, 15.5],
			"rotation": {"angle": 0, "axis": "y", "origin": [14.5, -13, 0.5]},
			"faces": {
				"north": {"uv": [9.375, 4.5, 11.25, 4.625], "texture": "#0"},
				"east": {"uv": [7.5, 4.5, 9.375, 4.625], "texture": "#0"},
				"south": {"uv": [13.125, 4.5, 15, 4.625], "texture": "#0"},
				"west": {"uv": [11.25, 4.5, 13.125, 4.625], "texture": "#0"},
				"up": {"uv": [11.25, 4.5, 9.375, 2.625], "texture": "#0"},
				"down": {"uv": [13.125, 2.625, 11.25, 4.5], "texture": "#0"}
			}
		},
		{
			"from": [2, 1, 2],
			"to": [14, 2, 14],
			"rotation": {"angle": 0, "axis": "y", "origin": [0, 1, 8]},
			"faces": {
				"north": {"uv": [9, 6.125, 10.5, 6.25], "texture": "#0"},
				"east": {"uv": [7.5, 6.125, 9, 6.25], "texture": "#0"},
				"south": {"uv": [12, 6.125, 13.5, 6.25], "texture": "#0"},
				"west": {"uv": [10.5, 6.125, 12, 6.25], "texture": "#0"},
				"up": {"uv": [10.5, 6.125, 9, 4.625], "texture": "#0"},
				"down": {"uv": [12, 4.625, 10.5, 6.125], "texture": "#0"}
			}
		}
	],
	"display": {
		"thirdperson_righthand": {
			"rotation": [75, 135, 0],
			"translation": [0, 2.5, 0],
			"scale": [0.3, 0.3, 0.3]
		},
		"thirdperson_lefthand": {
			"rotation": [75, 135, 0],
			"translation": [0, 2.5, 0],
			"scale": [0.3, 0.3, 0.3]
		},
		"firstperson_righthand": {
			"rotation": [0, 135, 0],
			"translation": [0, -1, 0],
			"scale": [0.4, 0.4, 0.4]
		},
		"firstperson_lefthand": {
			"rotation": [0, 135, 0],
			"translation": [0, -1, 0],
			"scale": [0.4, 0.4, 0.4]
		},
		"ground": {
			"translation": [0, 1.5, 0],
			"scale": [0.25, 0.25, 0.25]
		},
		"gui": {
			"rotation": [30, 225, 0],
			"translation": [0, -3, 0],
			"scale": [0.425, 0.425, 0.425]
		},
		"fixed": {
			"translation": [0, -3.75, -3],
			"scale": [0.5, 0.5, 0.5]
		}
	},
	"groups": [
		{
			"name": "upper",
			"origin": [14.5, 14, 0.5],
			"color": 0,
			"children": [0, 1, 2, 3, 4]
		}
	]
}