{
    "type": "minecraft:crafting_shaped",
    "category": "misc",
    "pattern": [
      "zhb",
      "egj",
      "alc"
    ],
    "key": {
      "a": {
        "item": "mythsandlegends:adamant_orb"
      },
      "c": {
        "item": "mythsandlegends:lustrous_orb"
      },
      "l": {
        "item": "mythsandlegends:griseous_orb"
      },
      "j": {
        "item": "mythsandlegends:member_card"
      },
      "g": {
        "item": "minecraft:netherite_helmet"
      },
      "e": {
        "item": "mythsandlegends:lunar_feather"
      },
      "z": {
        "item": "mythsandlegends:azelf_fang"
      },
      "h": {
        "item": "mythsandlegends:uxie_claw"
      },
      "b": {
        "item": "mythsandlegends:mesprit_plume"
      }
    },
    "result": {
      "id": "mythsandlegends:azure_flute"
    }
  }
  