{
    "type": "minecraft:crafting_shaped",
    "category": "misc",
    "pattern": [
      "aba",
      "ege",
      "hhh"
    ],
    "key": {
      "g": {
        "item": "cobblemon:reaper_cloth"
      },
      "b": {
        "item": "minecraft:wither_skeleton_skull"
      },
      "e": {
        "item": "minecraft:wither_rose"
      },
      "a": {
        "item": "cobblemon:black_glasses"
      },
      "h": {
        "item": "minecraft:crying_obsidian"
      }
    },
    "result": {
      "id": "mythsandlegends:member_card"
    }
  }
  