{
    "type": "minecraft:crafting_shaped",
    "category": "misc",
    "pattern": [
      "zhb",
      "egj",
      "alc"
    ],
    "key": {
      "a": {
        "item": "cobblemon:micle_berry"
      },
      "c": {
        "item": "cobblemon:starf_berry"
      },
      "l": {
        "item": "cobblemon:touga_berry"
      },
      "j": {
        "item": "cobblemon:tamato_berry"
      },
      "g": {
        "item": "minecraft:writable_book"
      },
      "e": {
        "item": "cobblemon:enigma_berry"
      },
      "z": {
        "item": "cobblemon:apicot_berry"
      },
      "h": {
        "item": "minecraft:enchanted_golden_apple"
      },
      "b": {
        "item": "cobblemon:salac_berry"
      }
    },
    "result": {
      "id": "mythsandlegends:oaks_letter"
    }
  }
  