{
    "type": "minecraft:crafting_shaped",
    "category": "misc",
    "pattern": [
      "hah",
      "bgb",
      "hah"
    ],
    "key": {
      "g": {
        "item": "minecraft:nether_star"
      },
      "h": {
        "item": "minecraft:enchanted_golden_apple"
      },
      "b": {
        "item": "cobblemon:power_herb"
      },
      "a": {
        "item": "minecraft:flowering_azalea"
      }
    },
    "result": {
      "id": "mythsandlegends:sapling_of_life"
    }
  }
  