{
    "type": "minecraft:crafting_shaped",
    "category": "misc",
    "pattern": [
      "bzb",
      "aga",
      "hhh"
    ],
    "key": {
      "g": {
        "item": "mythsandlegends:hoopa_ring"
      },
      "h": {
        "item": "minecraft:cauldron"
      },
      "a": {
        "item": "cobblemon:water_gem"
      },
      "b": {
        "item": "cobblemon:fire_gem"
      },
      "z": {
        "item": "minecraft:iron_trapdoor"
      }
    },
    "result": {
      "id": "mythsandlegends:steam_valve"
    }
  }
  