{
	"presets": [
		"cobblebuilds:generic.trainer",
		"cobblebuilds:gym_leader",
		"cobblebuilds:ai.looks_around",
		"cobblebuilds:ai.wanders",
		"cobblebuilds:ai.fights_back",
		"cobblebuilds:battle_theme.leader_sinnoh"
	],
	"hitbox": "player",
	"names": ["Leader Candice"],
	"randomizePartyOrder": true,
	"party": {
		"type": "script",
		"script": "cobblebuilds:party.gym_leader.ice_gym.candice",
		"isStatic": false
	},
	"interaction": {
		"type": "dialogue",
		"dialogue": "cobblebuilds:gym_leader"
	}
}