{
  "modifies": [
    "minecraft:chests/desert_pyramid",
    "minecraft:chests/abandoned_mineshaft",
    "minecraft:chests/bastion_bridge",
    "minecraft:chests/bastion_treasure",
    "minecraft:chests/jungle_temple",
    "minecraft:chests/nether_bridge",
    "minecraft:chests/stronghold_corridor",
    "minecraft:chests/stronghold_crossing",
    "minecraft:chests/trial_chambers/reward_ominous_common",
    "minecraft:chests/underwater_ruin_big",
    "cobblemon:ruins/gilded_chests/ruins"
  ],
  "pools": [
    {
      "rolls": 1,
      "bonus_rolls": 0.5,
      "entries": [
        {
          "type": "minecraft:loot_table",
          "value": "legends_untold:sets/legendary_items"
        }
      ],
      "conditions": [
        {
          "condition": "minecraft:random_chance",
          "chance": 0.07
        }
      ]
    }
  ]
}