{
    "pools": [
		{
			"rolls": 1,
            "entries": [
				{
                    "type": "item",
                    "weight": 1,
                    "name": "cobblemon:poke_ball"
                },
                {
                    "type": "item",
                    "weight": 1,
                    "name": "cobblemon:dive_ball"
				},
                {
                    "type": "item",
                    "weight": 1,
                    "name": "cobblemon:dusk_ball"
				},
                {
                    "type": "item",
                    "weight": 1,
                    "name": "cobblemon:fast_ball"
				},
                {
                    "type": "item",
                    "weight": 1,
                    "name": "cobblemon:friend_ball"
				},
                {
                    "type": "item",
                    "weight": 1,
                    "name": "cobblemon:great_ball"
				},
                {
                    "type": "item",
                    "weight": 1,
                    "name": "cobblemon:heal_ball"
				},
                {
                    "type": "item",
                    "weight": 1,
                    "name": "cobblemon:heavy_ball"
				},
                {
                    "type": "item",
                    "weight": 1,
                    "name": "cobblemon:level_ball"
				},
                {
                    "type": "item",
                    "weight": 1,
                    "name": "cobblemon:love_ball"
				},
                {
                    "type": "item",
                    "weight": 1,
                    "name": "cobblemon:lure_ball"
				},
                {
                    "type": "item",
                    "weight": 1,
                    "name": "cobblemon:luxury_ball"
				},
                {
                    "type": "item",
                    "weight": 1,
                    "name": "cobblemon:moon_ball"
				},
                {
                    "type": "item",
                    "weight": 1,
                    "name": "cobblemon:nest_ball"
				},
                {
                    "type": "item",
                    "weight": 1,
                    "name": "cobblemon:net_ball"
				},
                {
                    "type": "item",
                    "weight": 1,
                    "name": "cobblemon:premier_ball"
				},
                {
                    "type": "item",
                    "weight": 1,
                    "name": "cobblemon:quick_ball"
				},
                {
                    "type": "item",
                    "weight": 1,
                    "name": "cobblemon:repeat_ball"
				},
                {
                    "type": "item",
                    "weight": 1,
                    "name": "cobblemon:safari_ball"
				},
                {
                    "type": "item",
                    "weight": 1,
                    "name": "cobblemon:sport_ball"
				},
                {
                    "type": "item",
                    "weight": 1,
                    "name": "cobblemon:timer_ball"
				},
                {
                    "type": "item",
                    "weight": 1,
                    "name": "cobblemon:ultra_ball"
				},
                {
                    "type": "item",
                    "weight": 1,
                    "name": "cobblemon:antidote"
				},
                {
                    "type": "item",
                    "weight": 1,
                    "name": "cobblemon:awakening"
				},
                {
                    "type": "item",
                    "weight": 1,
                    "name": "cobblemon:burn_heal"
				},
                {
                    "type": "item",
                    "weight": 1,
                    "name": "cobblemon:dire_hit"
				},
                {
                    "type": "item",
                    "weight": 1,
                    "name": "cobblemon:elixir"
				},
                {
                    "type": "item",
                    "weight": 1,
                    "name": "cobblemon:energy_root"
				},
                {
                    "type": "item",
                    "weight": 1,
                    "name": "cobblemon:ether"
				},
                {
                    "type": "item",
                    "weight": 1,
                    "name": "cobblemon:full_heal"
				},
                {
                    "type": "item",
                    "weight": 1,
                    "name": "cobblemon:full_restore"
				},
                {
                    "type": "item",
                    "weight": 1,
                    "name": "cobblemon:guard_spec"
				},
                {
                    "type": "item",
                    "weight": 1,
                    "name": "cobblemon:heal_powder"
				},
                {
                    "type": "item",
                    "weight": 1,
                    "name": "cobblemon:hyper_potion"
				},
                {
                    "type": "item",
                    "weight": 1,
                    "name": "cobblemon:ice_heal"
				},
                {
                    "type": "item",
                    "weight": 1,
                    "name": "cobblemon:max_elixir"
				},
                {
                    "type": "item",
                    "weight": 1,
                    "name": "cobblemon:max_ether"
				},
                {
                    "type": "item",
                    "weight": 1,
                    "name": "cobblemon:max_potion"
				},
                {
                    "type": "item",
                    "weight": 1,
                    "name": "cobblemon:max_revive"
				},
                {
                    "type": "item",
                    "weight": 1,
                    "name": "cobblemon:paralyze_heal"
				},
                {
                    "type": "item",
                    "weight": 1,
                    "name": "cobblemon:potion"
				},
                {
                    "type": "item",
                    "weight": 1,
                    "name": "cobblemon:revival_herb"
				},
                {
                    "type": "item",
                    "weight": 1,
                    "name": "cobblemon:revive"
				},
                {
                    "type": "item",
                    "weight": 1,
                    "name": "cobblemon:super_potion"
				},
                {
                    "type": "item",
                    "weight": 1,
                    "name": "cobblemon:x_accuracy"
				},
                {
                    "type": "item",
                    "weight": 1,
                    "name": "cobblemon:x_attack"
				},
                {
                    "type": "item",
                    "weight": 1,
                    "name": "cobblemon:x_defence"
				},
                {
                    "type": "item",
                    "weight": 1,
                    "name": "cobblemon:x_special_attack"
				},
                {
                    "type": "item",
                    "weight": 1,
                    "name": "cobblemon:x_special_defence"
				},
                {
                    "type": "item",
                    "weight": 1,
                    "name": "cobblemon:x_speed"
				},
                {
                    "type": "item",
                    "weight": 1,
                    "name": "cobblemon:medicinal_leek"
				},
                {
                    "type": "item",
                    "weight": 1,
                    "name": "cobblemon:metal_powder"
				},
                {
                    "type": "item",
                    "weight": 1,
                    "name": "cobblemon:quick_powder"
				},
                {
                    "type": "item",
                    "weight": 1,
                    "name": "cobblemon:rare_candy"
				},
                {
                    "type": "item",
                    "weight": 1,
                    "name": "cobblemon:calcium"
				},
                {
                    "type": "item",
                    "weight": 1,
                    "name": "cobblemon:carbos"
				},
                {
                    "type": "item",
                    "weight": 1,
                    "name": "cobblemon:hp_up"
				},
                {
                    "type": "item",
                    "weight": 1,
                    "name": "cobblemon:iron"
				},
                {
                    "type": "item",
                    "weight": 1,
                    "name": "cobblemon:protein"
				},
                {
                    "type": "item",
                    "weight": 1,
                    "name": "cobblemon:zinc"
				},
                {
                    "type": "item",
                    "weight": 1,
                    "name": "cobblemon:big_root"
				},
                {
                    "type": "item",
                    "weight": 1,
                    "name": "cobblemon:sachet"
				},
                {
                    "type": "item",
                    "weight": 1,
                    "name": "cobblemon:whipped_dream"
				},
                {
                    "type": "item",
                    "weight": 1,
                    "name": "cobblemon:absorb_bulb"
				},
                {
                    "type": "item",
                    "weight": 1,
                    "name": "cobblemon:binding_band"
				},
                {
                    "type": "item",
                    "weight": 1,
                    "name": "cobblemon:bug_gem"
				},
                {
                    "type": "item",
                    "weight": 1,
                    "name": "cobblemon:cell_battery"
				},
                {
                    "type": "item",
                    "weight": 1,
                    "name": "cobblemon:dark_gem"
				},
                {
                    "type": "item",
                    "weight": 1,
                    "name": "cobblemon:dragon_gem"
				},
                {
                    "type": "item",
                    "weight": 1,
                    "name": "cobblemon:electric_gem"
				},
                {
                    "type": "item",
                    "weight": 1,
                    "name": "cobblemon:everstone"
				},
                {
                    "type": "item",
                    "weight": 1,
                    "name": "cobblemon:fairy_gem"
				},
                {
                    "type": "item",
                    "weight": 1,
                    "name": "cobblemon:fighting_gem"
				},
                {
                    "type": "item",
                    "weight": 1,
                    "name": "cobblemon:fire_gem"
				},
                {
                    "type": "item",
                    "weight": 1,
                    "name": "cobblemon:float_stone"
				},
                {
                    "type": "item",
                    "weight": 1,
                    "name": "cobblemon:flying_gem"
				},
                {
                    "type": "item",
                    "weight": 1,
                    "name": "cobblemon:ghost_gem"
				},
                {
                    "type": "item",
                    "weight": 1,
                    "name": "cobblemon:grass_gem"
				},
                {
                    "type": "item",
                    "weight": 1,
                    "name": "cobblemon:ground_gem"
				},
                {
                    "type": "item",
                    "weight": 1,
                    "name": "cobblemon:ice_gem"
				},
                {
                    "type": "item",
                    "weight": 1,
                    "name": "cobblemon:normal_gem"
				},
                {
                    "type": "item",
                    "weight": 1,
                    "name": "cobblemon:poison_gem"
				},
                {
                    "type": "item",
                    "weight": 1,
                    "name": "cobblemon:psychic_gem"
				},
                {
                    "type": "item",
                    "weight": 1,
                    "name": "cobblemon:ring_target"
				},
                {
                    "type": "item",
                    "weight": 1,
                    "name": "cobblemon:rock_gem"
				},
                {
                    "type": "item",
                    "weight": 1,
                    "name": "minecraft:snowball"
				},
                {
                    "type": "item",
                    "weight": 1,
                    "name": "cobblemon:steel_gem"
				},
                {
                    "type": "item",
                    "weight": 1,
                    "name": "cobblemon:water_gem"
				},
                {
                    "type": "item",
                    "weight": 1,
                    "name": "cobblemon:shed_shell"
				},
                {
                    "type": "item",
                    "weight": 1,
                    "name": "cobblemon:sticky_barb"
				}
            ]
        }
    ]
}