{
    "type": "minecraft:crafting_shaped",
    "category": "misc",
    "pattern": [
      " a ",
      "ata",
      " a "
    ],
    "key": {
      "a": {
        "item": "minecraft:glass"
      },
      "t": {
        "item": "minecraft:copper_ingot"
      }
    },
    "result": {
      "id": "minecraft:sugar",
      "components": {
        "minecraft:custom_model_data": 1,
        "minecraft:item_name": "\"Ball Capsule\"",
        "minecraft:lore": [ 
          "{\"text\":\"Utility Items\", \"color\":\"blue\", \"italic\":false}"
        ]
      },
      "count": 1
    }
  }
  