{
  "type": "minecraft:jigsaw",
  "biomes": "#cobblemon:is_cave",
  "step": "underground_structures",
  "spawn_overrides": {},
  "terrain_adaptation": "encapsulate",
  "start_pool": "legendary:regidrago_cave",
  "size": 2,
  "start_height": {
    "type": "minecraft:uniform",
    "max_inclusive": {
      "absolute": 0
    },
    "min_inclusive": {
      "absolute": -65
    }
  },
  "project_start_to_heightmap": "WORLD_SURFACE_WG",
  "max_distance_from_center": 80,
  "use_expansion_hack": false
}
