{
	"presets": [
		"cobblebuilds:generic.trainer",
		"cobblebuilds:gym_trainer",
		"cobblebuilds:ai.looks_around",
		"cobblebuilds:ai.wanders",
		"cobblebuilds:ai.fights_back"
	],
	"hitbox": "player",
	"variation": {
		"net": {
			"type": "weighted",
			"options": [
				{
					"aspect": "male",
					"weight": 1
				},
				{
					"aspect": "female",
					"weight": 1
				}
			]
		}
	},
	"names": [
		"Example Male",
		"Example Female"
	],
	"skill": 10,
	"randomizePartyOrder": true,
	"party": {
		"type": "pool",
		"minPokemon": 1,
		"maxPokemon": 3,
		"isStatic": true,
		"pool": [
			{
				"pokemon": "geodude",
				"npcLevels": "1-18",
				"weight": 8,
				"selectableTimes": 1
			},
			{
				"pokemon": "geodude alolan",
				"npcLevels": "1-18",
				"weight": 3,
				"selectableTimes": 1
			},
			{
				"pokemon": "sandshrew",
				"npcLevels": "1-18",
				"weight": 8,
				"selectableTimes": 1
			},
			{
				"pokemon": "diglett",
				"weight": 6,
				"npcLevels": "1-18",
				"selectableTimes": 1
			},
			{
				"pokemon": "dwebble",
				"npcLevels": "19-100",
				"weight": 4,
				"selectableTimes": 1
			}
		]
	},
	"interaction": {
		"type": "dialogue",
		"dialogue": "cobblebuilds:gym_trainer"
	}
}