{
	"type": "minecraft:jigsaw",
	"biomes": "#cobblebuilds:fire_gym",
	"step": "surface_structures",
	"terrain_adaptation": "beard_thin",
	"start_pool": "cobblebuilds:fire_gym",
	"size": 1,
	"start_height": {
		"type": "minecraft:uniform",
		"min_inclusive": {
		  "absolute": 32
		},
		"max_inclusive": {
		  "absolute": 70
		}
	  },
	"spawn_overrides": {
		"ambient": {
			"bounding_box": "full",
			"spawns": []
		},
		"axolotls": {
			"bounding_box": "full",
			"spawns": []
		},
		"creature": {
			"bounding_box": "full",
			"spawns": []
		},
		"misc": {
			"bounding_box": "full",
			"spawns": []
		},
		"monster": {
			"bounding_box": "full",
			"spawns": []
		},
		"underground_water_creature": {
			"bounding_box": "full",
			"spawns": []
		},
		"water_ambient": {
			"bounding_box": "full",
			"spawns": []
		},
		"water_creature": {
			"bounding_box": "full",
			"spawns": []
		}
	},
	"max_distance_from_center": 80,
	"use_expansion_hack": false
}