{
	"type": "minecraft:jigsaw",
	"biomes": "#cobblebuilds:poison_gym",
	"step": "surface_structures",
	"terrain_adaptation": "beard_thin",
	"start_pool": "cobblebuilds:poison_gym",
	"size": 1,
	"start_height": {
		"absolute": 0
	},
	"spawn_overrides": {
		"ambient": {
			"bounding_box": "full",
			"spawns": []
		},
		"axolotls": {
			"bounding_box": "full",
			"spawns": []
		},
		"creature": {
			"bounding_box": "full",
			"spawns": []
		},
		"misc": {
			"bounding_box": "full",
			"spawns": []
		},
		"monster": {
			"bounding_box": "full",
			"spawns": []
		},
		"underground_water_creature": {
			"bounding_box": "full",
			"spawns": []
		},
		"water_ambient": {
			"bounding_box": "full",
			"spawns": []
		},
		"water_creature": {
			"bounding_box": "full",
			"spawns": []
		}
	},
	"project_start_to_heightmap": "WORLD_SURFACE_WG",
	"max_distance_from_center": 80,
	"use_expansion_hack": false
}