{
  "fallback": "bca:fallback",
  "elements": [
    {
      "weight": 50,
      "element": {
        "location": "bca:paths/path_straight-curved",
        "element_type": "minecraft:single_pool_element",
        "projection": "terrain_matching",
        "processors": "minecraft:empty"
      }
    },
    {
      "weight": 30,
      "element": {
        "location": "bca:paths/path_t-joint",
        "element_type": "minecraft:single_pool_element",
        "projection": "rigid",
        "processors": "minecraft:empty"
      }
    },
    {
      "weight": 30,
      "element": {
        "location": "bca:paths/path_90_degree",
        "element_type": "minecraft:single_pool_element",
        "projection": "rigid",
        "processors": "minecraft:empty"
      }
    },
    {
      "weight": 10,
      "element": {
        "location": "bca:paths/path_rare_road",
        "element_type": "minecraft:single_pool_element",
        "projection": "terrain_matching",
        "processors": "minecraft:empty"
      }
    },
    {
      "weight": 30,
      "element": {
        "location": "bca:paths/path_cross_roads",
        "element_type": "minecraft:single_pool_element",
        "projection": "rigid",
        "processors": "minecraft:empty"
      }
    }
  ]
}
